scenario_id,labeler_a,labeler_b,acceptable_actions_a,acceptable_actions_b,confidence_a,confidence_b,rationale_a,rationale_b
PILOT-CAL-01,,,,,,,,
PILOT-CAL-02,,,,,,,,
PILOT-CAL-03,,,,,,,,
PILOT-CAL-04,,,,,,,,
PILOT-STU-01,,,,,,,,
PILOT-STU-02,,,,,,,,
PILOT-STU-03,,,,,,,,
PILOT-STU-04,,,,,,,,
PILOT-WOR-01,,,,,,,,
PILOT-WOR-02,,,,,,,,
PILOT-WOR-03,,,,,,,,
PILOT-WOR-04,,,,,,,,
PILOT-COM-01,,,,,,,,
PILOT-COM-02,,,,,,,,
PILOT-COM-03,,,,,,,,
PILOT-COM-04,,,,,,,,
PILOT-TRA-01,,,,,,,,
PILOT-TRA-02,,,,,,,,
PILOT-TRA-03,,,,,,,,
PILOT-TRA-04,,,,,,,,
PILOT-DEV-01,,,,,,,,
PILOT-DEV-02,,,,,,,,
PILOT-DEV-03,,,,,,,,
PILOT-DEV-04,,,,,,,,
